"filename", "language", "HTML", "PostCSS", "JavaScript", "comment", "blank", "total"
"c:\Users\ghast\OneDrive\Tài liệu\[IT103B-K25] Xây dựng ứng dụng web với Javascript\[Project IT103-B] Quản lý và đặt lịch GymYoga\css\adminManagerSchedule.css", "PostCSS", 0, 291, 0, 0, 17, 308
"c:\Users\ghast\OneDrive\Tài liệu\[IT103B-K25] Xây dựng ứng dụng web với Javascript\[Project IT103-B] Quản lý và đặt lịch GymYoga\css\adminManagerService.css", "PostCSS", 0, 243, 0, 0, 13, 256
"c:\Users\ghast\OneDrive\Tài liệu\[IT103B-K25] Xây dựng ứng dụng web với Javascript\[Project IT103-B] Quản lý và đặt lịch GymYoga\css\book.css", "PostCSS", 0, 309, 0, 0, 33, 342
"c:\Users\ghast\OneDrive\Tài liệu\[IT103B-K25] Xây dựng ứng dụng web với Javascript\[Project IT103-B] Quản lý và đặt lịch GymYoga\css\home.css", "PostCSS", 0, 319, 0, 0, 23, 342
"c:\Users\ghast\OneDrive\Tài liệu\[IT103B-K25] Xây dựng ứng dụng web với Javascript\[Project IT103-B] Quản lý và đặt lịch GymYoga\css\login.css", "PostCSS", 0, 91, 0, 0, 4, 95
"c:\Users\ghast\OneDrive\Tài liệu\[IT103B-K25] Xây dựng ứng dụng web với Javascript\[Project IT103-B] Quản lý và đặt lịch GymYoga\css\register.css", "PostCSS", 0, 86, 0, 0, 12, 98
"c:\Users\ghast\OneDrive\Tài liệu\[IT103B-K25] Xây dựng ứng dụng web với Javascript\[Project IT103-B] Quản lý và đặt lịch GymYoga\html\adminManagerSchedule.html", "HTML", 177, 0, 0, 0, 7, 184
"c:\Users\ghast\OneDrive\Tài liệu\[IT103B-K25] Xây dựng ứng dụng web với Javascript\[Project IT103-B] Quản lý và đặt lịch GymYoga\html\adminManagerService.html", "HTML", 72, 0, 0, 0, 3, 75
"c:\Users\ghast\OneDrive\Tài liệu\[IT103B-K25] Xây dựng ứng dụng web với Javascript\[Project IT103-B] Quản lý và đặt lịch GymYoga\html\book.html", "HTML", 119, 0, 0, 0, 4, 123
"c:\Users\ghast\OneDrive\Tài liệu\[IT103B-K25] Xây dựng ứng dụng web với Javascript\[Project IT103-B] Quản lý và đặt lịch GymYoga\html\home.html", "HTML", 97, 0, 0, 0, 8, 105
"c:\Users\ghast\OneDrive\Tài liệu\[IT103B-K25] Xây dựng ứng dụng web với Javascript\[Project IT103-B] Quản lý và đặt lịch GymYoga\html\login.html", "HTML", 31, 0, 0, 0, 2, 33
"c:\Users\ghast\OneDrive\Tài liệu\[IT103B-K25] Xây dựng ứng dụng web với Javascript\[Project IT103-B] Quản lý và đặt lịch GymYoga\html\register.html", "HTML", 37, 0, 0, 0, 1, 38
"c:\Users\ghast\OneDrive\Tài liệu\[IT103B-K25] Xây dựng ứng dụng web với Javascript\[Project IT103-B] Quản lý và đặt lịch GymYoga\javaScript\adminManagerSchedule.js", "JavaScript", 0, 0, 83, 4, 24, 111
"c:\Users\ghast\OneDrive\Tài liệu\[IT103B-K25] Xây dựng ứng dụng web với Javascript\[Project IT103-B] Quản lý và đặt lịch GymYoga\javaScript\adminManagerService.js", "JavaScript", 0, 0, 230, 9, 41, 280
"c:\Users\ghast\OneDrive\Tài liệu\[IT103B-K25] Xây dựng ứng dụng web với Javascript\[Project IT103-B] Quản lý và đặt lịch GymYoga\javaScript\book.js", "JavaScript", 0, 0, 272, 3, 40, 315
"c:\Users\ghast\OneDrive\Tài liệu\[IT103B-K25] Xây dựng ứng dụng web với Javascript\[Project IT103-B] Quản lý và đặt lịch GymYoga\javaScript\home.js", "JavaScript", 0, 0, 186, 3, 27, 216
"c:\Users\ghast\OneDrive\Tài liệu\[IT103B-K25] Xây dựng ứng dụng web với Javascript\[Project IT103-B] Quản lý và đặt lịch GymYoga\javaScript\login.js", "JavaScript", 0, 0, 74, 4, 15, 93
"c:\Users\ghast\OneDrive\Tài liệu\[IT103B-K25] Xây dựng ứng dụng web với Javascript\[Project IT103-B] Quản lý và đặt lịch GymYoga\javaScript\register.js", "JavaScript", 0, 0, 111, 10, 17, 138
"Total", "-", 533, 1339, 956, 33, 291, 3152